<?xml version="1.0" encoding="UTF-8"?>
<!--
  @copyright  Vertex. All rights reserved.  https://www.vertexinc.com/
  @author     Mediotype                     https://www.mediotype.com/
  -->
<config xmlns:xsi="http://www.w3.org/2001/XMLSchema-instance"
        xsi:noNamespaceSchemaLocation="urn:magento:framework:Module/etc/module.xsd">
    <module name="Vertex_Tax" setup_version="100.2.1">
        <sequence>
            <module name="Magento_Tax"/>
            <module name="Magento_Quote"/>
            <module name="Magento_Sales"/>
            <module name="Magento_Customer"/>
            <module name="Magento_Config"/>
            <module name="Magento_Store"/>
            <module name="Magento_GiftWrapping"/>
            <module name="Magento_Backend"/>
            <module name="Magento_Directory"/>
            <module name="Magento_Review"/>
            <module name="Magento_Checkout"/>
            <module name="Magento_Catalog"/>
            <module name="Magento_Eav"/>
            <module name="Magento_Shipping"/>
            <module name="Magento_Multishipping"/>
        </sequence>
    </module>
</config> 
