<?xml version="1.0"?>
<!--
/**
 * Copyright 2016 Amazon.com, Inc. or its affiliates. All Rights Reserved.
 *
 * Licensed under the Apache License, Version 2.0 (the "License").
 * You may not use this file except in compliance with the License.
 * A copy of the License is located at
 *
 *  http://aws.amazon.com/apache2.0
 *
 * or in the "license" file accompanying this file. This file is distributed
 * on an "AS IS" BASIS, WITHOUT WARRANTIES OR CONDITIONS OF ANY KIND, either
 * express or implied. See the License for the specific language governing
 * permissions and limitations under the License.
 */
-->
<config xmlns:xsi="http://www.w3.org/2001/XMLSchema-instance" xsi:noNamespaceSchemaLocation="urn:magento:framework:Event/etc/events.xsd">
    <event name="amazon_customer_authenticated">
        <observer name="clear_amazon_customer" instance="Amazon\Login\Observer\ClearAmazonCustomer" />
    </event>
    <event name="amazon_login_authorize_error">
        <observer name="amazon_login_set_cookie_on_authorize_error" instance="Amazon\Login\Observer\SetAuthorizeErrorCookie" />
    </event>
    <event name="customer_logout">
        <observer name="amazon_login_set_logout_cookie" instance="Amazon\Login\Observer\SetLogoutCookie" />
    </event>
</config>
