<?xml version="1.0" encoding="UTF-8"?>

<phpunit
    xmlns:xsi="http://www.w3.org/2001/XMLSchema-instance"
    xsi:noNamespaceSchemaLocation="vendor/phpunit/phpunit/phpunit.xsd"
    backupGlobals="false"
    backupStaticAttributes="false"
    beStrictAboutChangesToGlobalState="true"
    beStrictAboutOutputDuringTests="true"
    beStrictAboutTestsThatDoNotTestAnything="true"
    bootstrap="vendor/autoload.php"
    colors="true"
    columns="max"
    convertErrorsToExceptions="true"
    convertNoticesToExceptions="true"
    convertWarningsToExceptions="true"
    processIsolation="false"
    stopOnError="false"
    stopOnFailure="false"
    stopOnRisky="false"
    verbose="true"
>
    <php>
        <ini name="error_reporting" value="E_ALL" />
    </php>

    <filter>
        <whitelist processUncoveredFilesFromWhitelist="true">
            <directory suffix=".php">./src</directory>
        </whitelist>
    </filter>

    <logging>
        <log type="coverage-clover" target="build/logs/clover.xml"/>
    </logging>
</phpunit>
